{"v":"5.5.1","fr":60,"ip":0,"op":120,"w":80,"h":26,"nm":"Twitter","ddd":0,"assets":[],"layers":[{"ddd":0,"ind":1,"ty":4,"nm":"Share","sr":1,"ks":{"o":{"a":1,"k":[{"i":{"x":[0.34],"y":[1]},"o":{"x":[0.66],"y":[0]},"t":5,"s":[0]},{"i":{"x":[0.34],"y":[1]},"o":{"x":[0.66],"y":[0]},"t":30,"s":[100]},{"i":{"x":[0.34],"y":[1]},"o":{"x":[0.66],"y":[0]},"t":60,"s":[100]},{"t":85,"s":[0]}],"ix":11},"r":{"a":0,"k":0,"ix":10},"p":{"a":1,"k":[{"i":{"x":0.34,"y":1},"o":{"x":0.66,"y":0},"t":5,"s":[0,13.001,0],"to":[6.667,0,0],"ti":[-6.667,0,0]},{"i":{"x":0.34,"y":0.34},"o":{"x":0.66,"y":0.66},"t":30,"s":[40.002,13.001,0],"to":[0,0,0],"ti":[0,0,0]},{"i":{"x":0.34,"y":1},"o":{"x":0.66,"y":0},"t":60,"s":[40.002,13.001,0],"to":[6.666,0,0],"ti":[-6.666,0,0]},{"t":85,"s":[80,13.001,0]}],"ix":2},"a":{"a":0,"k":[0,0.001,0],"ix":1},"s":{"a":0,"k":[200,200,100],"ix":6}},"ao":0,"shapes":[{"ty":"gr","it":[{"ind":0,"ty":"sh","ix":1,"ks":{"a":0,"k":{"i":[[0.08,1.53],[0,0],[-1.12,0],[0,0.76],[1.1,0.27],[0,0],[0,1.18],[-1.81,0],[-0.04,-1.46],[0,0],[1.02,0],[0,-0.75],[-1.09,-0.27],[0,0],[0,-1.23],[2.01,0]],"o":[[0,0],[0.1,0.84],[1.06,0],[0,-0.65],[0,0],[-1.56,-0.37],[0,-1.46],[1.79,0],[0,0],[-0.07,-0.84],[-1.02,0],[0,0.6],[0,0],[1.74,0.41],[0,1.59],[-1.87,0]],"v":[[-14.71,1.872],[-13.42,1.872],[-11.39,3.262],[-9.56,1.952],[-11.12,0.632],[-12.21,0.372],[-14.49,-1.908],[-11.41,-4.368],[-8.36,-1.908],[-9.64,-1.908],[-11.43,-3.258],[-13.15,-1.998],[-11.61,-0.778],[-10.68,-0.548],[-8.22,1.792],[-11.49,4.372]],"c":true},"ix":2},"nm":"Path 1","mn":"ADBE Vector Shape - Group","hd":false},{"ind":1,"ty":"sh","ix":2,"ks":{"a":0,"k":{"i":[[0,0],[0,0],[0,0],[0,0],[0,0],[-0.93,0],[0,-1.39],[0,0],[0,0],[0,0],[0.89,0],[0,-0.97],[0,0]],"o":[[0,0],[0,0],[0,0],[0,0],[0.34,-0.72],[1.36,0],[0,0],[0,0],[0,0],[0,-0.91],[-0.94,0],[0,0],[0,0]],"v":[[-7.151,4.232],[-7.151,-4.228],[-5.901,-4.228],[-5.901,-0.908],[-5.871,-0.908],[-3.921,-2.038],[-1.751,0.252],[-1.751,4.232],[-3.021,4.232],[-3.021,0.502],[-4.371,-0.948],[-5.881,0.662],[-5.881,4.232]],"c":true},"ix":2},"nm":"Path 2","mn":"ADBE Vector Shape - Group","hd":false},{"ind":2,"ty":"sh","ix":3,"ks":{"a":0,"k":{"i":[[-0.68,0],[0,0.8],[0,0],[0,0],[0,-0.53]],"o":[[0.88,0],[0,0],[0,0],[-0.75,0.06],[0,0.54]],"v":[[1.625,3.333],[3.195,1.923],[3.195,1.433],[1.675,1.523],[0.495,2.443]],"c":true},"ix":2},"nm":"Path 3","mn":"ADBE Vector Shape - Group","hd":false},{"ind":3,"ty":"sh","ix":4,"ks":{"a":0,"k":{"i":[[0.81,0],[0,1.11],[-1.46,0.08],[0,0],[0,0],[0.78,0],[0.11,-0.55],[0,0],[-1.52,0],[0,-1.24],[0,0],[0,0],[0,0],[0,0]],"o":[[-1.21,0],[0,-1.07],[0,0],[0,0],[0,-0.69],[-0.73,0],[0,0],[0.07,-1.11],[1.49,0],[0,0],[0,0],[0,0],[0,0],[-0.36,0.69]],"v":[[1.268,4.332],[-0.782,2.472],[1.508,0.652],[3.198,0.552],[3.198,0.082],[1.958,-1.018],[0.658,-0.118],[-0.532,-0.118],[2.008,-2.048],[4.458,-0.018],[4.458,4.232],[3.248,4.232],[3.248,3.212],[3.218,3.212]],"c":true},"ix":2},"nm":"Path 4","mn":"ADBE Vector Shape - Group","hd":false},{"ind":4,"ty":"sh","ix":5,"ks":{"a":0,"k":{"i":[[0,0],[0,0],[0,0],[0,0],[0,0],[-0.73,0],[-0.09,-0.02],[0,0],[0.25,0],[0,-0.87],[0,0]],"o":[[0,0],[0,0],[0,0],[0,0],[0.2,-0.72],[0.18,0],[0,0],[-0.1,-0.04],[-0.81,0],[0,0],[0,0]],"v":[[5.681,4.224],[5.681,-1.936],[6.891,-1.936],[6.891,-0.886],[6.921,-0.886],[8.401,-2.036],[8.831,-1.986],[8.831,-0.816],[8.261,-0.886],[6.951,0.534],[6.951,4.224]],"c":true},"ix":2},"nm":"Path 5","mn":"ADBE Vector Shape - Group","hd":false},{"ind":5,"ty":"sh","ix":6,"ks":{"a":0,"k":{"i":[[0.89,0],[0.06,-0.94],[0,0]],"o":[[-0.88,0],[0,0],[-0.03,-0.95]],"v":[[11.932,-1.028],[10.362,0.582],[13.442,0.582]],"c":true},"ix":2},"nm":"Path 6","mn":"ADBE Vector Shape - Group","hd":false},{"ind":6,"ty":"sh","ix":7,"ks":{"a":0,"k":{"i":[[-0.17,0.54],[0,0],[1.41,0],[0,1.95],[-1.74,0],[0,-1.87],[0,0],[0,0],[0,0],[-1.02,0]],"o":[[0,0],[-0.18,1.13],[-1.81,0],[0,-1.93],[1.71,0],[0,0],[0,0],[0,0],[0,1.07],[0.72,0]],"v":[[13.439,2.412],[14.639,2.412],[11.989,4.342],[9.079,1.172],[11.929,-2.048],[14.709,1.032],[14.709,1.462],[10.359,1.462],[10.359,1.542],[12.019,3.322]],"c":true},"ix":2},"nm":"Path 7","mn":"ADBE Vector Shape - Group","hd":false},{"ty":"mm","mm":1,"nm":"Merge Paths 1","mn":"ADBE Vector Filter - Merge","hd":false},{"ty":"fl","c":{"a":0,"k":[0.113725497676,0.63137254902,0.949019667682,1],"ix":4},"o":{"a":0,"k":100,"ix":5},"r":1,"bm":0,"nm":"Fill 1","mn":"ADBE Vector Graphic - Fill","hd":false},{"ty":"tr","p":{"a":0,"k":[0,0],"ix":2},"a":{"a":0,"k":[0,0],"ix":1},"s":{"a":0,"k":[50,50],"ix":3},"r":{"a":0,"k":0,"ix":6},"o":{"a":0,"k":100,"ix":7},"sk":{"a":0,"k":0,"ix":4},"sa":{"a":0,"k":0,"ix":5},"nm":"Transform"}],"nm":"Share","np":9,"cix":2,"bm":0,"ix":1,"mn":"ADBE Vector Group","hd":false}],"ip":0,"op":200,"st":0,"bm":0},{"ddd":0,"ind":2,"ty":4,"nm":"Stroke","sr":1,"ks":{"o":{"a":0,"k":100,"ix":11},"r":{"a":0,"k":0,"ix":10},"p":{"a":0,"k":[40,13,0],"ix":2},"a":{"a":0,"k":[0,0,0],"ix":1},"s":{"a":0,"k":[100,100,100],"ix":6}},"ao":0,"shapes":[{"ty":"gr","it":[{"ind":0,"ty":"sh","ix":1,"ks":{"a":0,"k":{"i":[[0,0],[0.57,-0.31],[0.25,-0.48],[0,-1.48],[0,0],[-0.31,-0.57],[-0.48,-0.25],[-1.48,0],[0,0],[-0.57,0.31],[-0.25,0.48],[0,1.48],[0,0],[0.31,0.57],[0.48,0.25],[1.48,0]],"o":[[-1.48,0],[-0.48,0.25],[-0.31,0.57],[0,0],[0,1.48],[0.25,0.48],[0.57,0.31],[0,0],[1.48,0],[0.48,-0.25],[0.31,-0.57],[0,0],[0,-1.48],[-0.25,-0.48],[-0.57,-0.31],[0,0]],"v":[[-34.87,-12],[-37.48,-11.58],[-38.58,-10.48],[-39,-7.87],[-39,7.87],[-38.58,10.48],[-37.48,11.58],[-34.87,12],[34.87,12],[37.48,11.58],[38.58,10.48],[39,7.87],[39,-7.87],[38.58,-10.48],[37.48,-11.58],[34.87,-12]],"c":true},"ix":2},"nm":"Path 1","mn":"ADBE Vector Shape - Group","hd":false},{"ind":1,"ty":"sh","ix":2,"ks":{"a":0,"k":{"i":[[-1.79,0],[0,0],[-0.65,-0.34],[-0.35,-0.66],[0,-1.79],[0,0],[0.34,-0.65],[0.66,-0.35],[1.79,0],[0,0],[0.65,0.34],[0.35,0.66],[0,1.79],[0,0],[-0.34,0.65],[-0.66,0.35]],"o":[[0,0],[1.79,0],[0.66,0.35],[0.34,0.65],[0,0],[0,1.79],[-0.35,0.66],[-0.65,0.34],[0,0],[-1.79,0],[-0.66,-0.35],[-0.34,-0.65],[0,0],[0,-1.79],[0.35,-0.66],[0.65,-0.34]],"v":[[-34.87,-13],[34.87,-13],[37.95,-12.47],[39.47,-10.95],[40,-7.87],[40,7.87],[39.47,10.95],[37.95,12.47],[34.87,13],[-34.87,13],[-37.95,12.47],[-39.47,10.95],[-40,7.87],[-40,-7.87],[-39.47,-10.95],[-37.95,-12.47]],"c":true},"ix":2},"nm":"Path 2","mn":"ADBE Vector Shape - Group","hd":false},{"ty":"fl","c":{"a":0,"k":[0.113725490196,0.63137254902,0.949019607843,1],"ix":4},"o":{"a":0,"k":100,"ix":5},"r":1,"bm":0,"nm":"Fill 1","mn":"ADBE Vector Graphic - Fill","hd":false},{"ty":"tr","p":{"a":0,"k":[0,0],"ix":2},"a":{"a":0,"k":[0,0],"ix":1},"s":{"a":0,"k":[100,100],"ix":3},"r":{"a":0,"k":0,"ix":6},"o":{"a":0,"k":100,"ix":7},"sk":{"a":0,"k":0,"ix":4},"sa":{"a":0,"k":0,"ix":5},"nm":"Transform"}],"nm":"Rectangle","np":3,"cix":2,"bm":0,"ix":1,"mn":"ADBE Vector Group","hd":false}],"ip":0,"op":120,"st":0,"bm":0},{"ddd":0,"ind":3,"ty":4,"nm":"Logo2","sr":1,"ks":{"o":{"a":1,"k":[{"i":{"x":[0.34],"y":[1]},"o":{"x":[0.66],"y":[0]},"t":70,"s":[0]},{"t":90,"s":[100]}],"ix":11},"r":{"a":0,"k":0,"ix":10},"p":{"a":1,"k":[{"i":{"x":0.34,"y":1},"o":{"x":0.66,"y":0},"t":70,"s":[20,13,0],"to":[3.333,0,0],"ti":[-3.333,0,0]},{"t":90,"s":[40,13,0]}],"ix":2},"a":{"a":0,"k":[0,0,0],"ix":1},"s":{"a":0,"k":[100,100,100],"ix":6}},"ao":0,"shapes":[{"ty":"gr","it":[{"ind":0,"ty":"sh","ix":1,"ks":{"a":0,"k":{"i":[[0,0],[0,4.4],[0.01,0.14],[-0.45,0.67],[0.66,-0.08],[-0.25,0.77],[0.75,-0.15],[1.33,-0.71],[-0.34,-1.47],[1.69,2.08],[-1.46,-0.98],[0.46,0.26],[0,-0.01],[-1.55,-0.31],[0.5,0.1],[-1.42,-0.02],[1.51,0.01],[0.26,0.03],[-1.81,0]],"o":[[6.13,0],[0,-0.15],[0.65,-0.47],[-0.61,0.27],[0.69,-0.42],[-0.65,0.39],[-1.03,-1.1],[-1.33,0.72],[-2.68,-0.13],[-0.88,1.52],[-0.53,-0.02],[0,0.02],[0,1.59],[-0.49,0.14],[0.44,1.36],[-1.18,0.93],[-0.26,0],[1.52,0.97],[0,0]],"v":[[-3.015,6.598],[6.475,-2.882],[6.465,-3.312],[8.125,-5.042],[6.215,-4.512],[7.675,-6.362],[5.555,-5.552],[1.555,-6.212],[-0.125,-2.512],[-6.995,-5.992],[-5.965,-1.542],[-7.475,-1.962],[-7.475,-1.922],[-4.805,1.348],[-6.305,1.408],[-3.195,3.718],[-7.335,5.148],[-8.125,5.108],[-3.015,6.598]],"c":false},"ix":2},"nm":"Path 1","mn":"ADBE Vector Shape - Group","hd":false},{"ty":"fl","c":{"a":0,"k":[1,1,1,1],"ix":4},"o":{"a":0,"k":100,"ix":5},"r":1,"bm":0,"nm":"Fill 1","mn":"ADBE Vector Graphic - Fill","hd":false},{"ty":"tr","p":{"a":0,"k":[0,0],"ix":2},"a":{"a":0,"k":[0,0],"ix":1},"s":{"a":0,"k":[100,100],"ix":3},"r":{"a":0,"k":0,"ix":6},"o":{"a":0,"k":100,"ix":7},"sk":{"a":0,"k":0,"ix":4},"sa":{"a":0,"k":0,"ix":5},"nm":"Transform"}],"nm":"Path","np":2,"cix":2,"bm":0,"ix":1,"mn":"ADBE Vector Group","hd":false}],"ip":70,"op":120,"st":0,"bm":0},{"ddd":0,"ind":4,"ty":4,"nm":"Logo","sr":1,"ks":{"o":{"a":1,"k":[{"i":{"x":[0.34],"y":[1]},"o":{"x":[0.66],"y":[0]},"t":10,"s":[100]},{"t":30,"s":[0]}],"ix":11},"r":{"a":0,"k":0,"ix":10},"p":{"a":1,"k":[{"i":{"x":0.34,"y":1},"o":{"x":0.66,"y":0},"t":10,"s":[40,13,0],"to":[3.333,0,0],"ti":[-3.333,0,0]},{"t":30,"s":[60,13,0]}],"ix":2},"a":{"a":0,"k":[0,0,0],"ix":1},"s":{"a":0,"k":[100,100,100],"ix":6}},"ao":0,"shapes":[{"ty":"gr","it":[{"ind":0,"ty":"sh","ix":1,"ks":{"a":0,"k":{"i":[[0,0],[0,4.4],[0.01,0.14],[-0.45,0.67],[0.66,-0.08],[-0.25,0.77],[0.75,-0.15],[1.33,-0.71],[-0.34,-1.47],[1.69,2.08],[-1.46,-0.98],[0.46,0.26],[0,-0.01],[-1.55,-0.31],[0.5,0.1],[-1.42,-0.02],[1.51,0.01],[0.26,0.03],[-1.81,0]],"o":[[6.13,0],[0,-0.15],[0.65,-0.47],[-0.61,0.27],[0.69,-0.42],[-0.65,0.39],[-1.03,-1.1],[-1.33,0.72],[-2.68,-0.13],[-0.88,1.52],[-0.53,-0.02],[0,0.02],[0,1.59],[-0.49,0.14],[0.44,1.36],[-1.18,0.93],[-0.26,0],[1.52,0.97],[0,0]],"v":[[-3.015,6.598],[6.475,-2.882],[6.465,-3.312],[8.125,-5.042],[6.215,-4.512],[7.675,-6.362],[5.555,-5.552],[1.555,-6.212],[-0.125,-2.512],[-6.995,-5.992],[-5.965,-1.542],[-7.475,-1.962],[-7.475,-1.922],[-4.805,1.348],[-6.305,1.408],[-3.195,3.718],[-7.335,5.148],[-8.125,5.108],[-3.015,6.598]],"c":false},"ix":2},"nm":"Path 1","mn":"ADBE Vector Shape - Group","hd":false},{"ty":"fl","c":{"a":0,"k":[1,1,1,1],"ix":4},"o":{"a":0,"k":100,"ix":5},"r":1,"bm":0,"nm":"Fill 1","mn":"ADBE Vector Graphic - Fill","hd":false},{"ty":"tr","p":{"a":0,"k":[0,0],"ix":2},"a":{"a":0,"k":[0,0],"ix":1},"s":{"a":0,"k":[100,100],"ix":3},"r":{"a":0,"k":0,"ix":6},"o":{"a":0,"k":100,"ix":7},"sk":{"a":0,"k":0,"ix":4},"sa":{"a":0,"k":0,"ix":5},"nm":"Transform"}],"nm":"Path","np":2,"cix":2,"bm":0,"ix":1,"mn":"ADBE Vector Group","hd":false}],"ip":0,"op":71,"st":0,"bm":0},{"ddd":0,"ind":5,"ty":4,"nm":"Fill Mask 2","td":1,"sr":1,"ks":{"o":{"a":0,"k":100,"ix":11},"r":{"a":0,"k":0,"ix":10},"p":{"a":0,"k":[40,13,0],"ix":2},"a":{"a":0,"k":[0,0,0],"ix":1},"s":{"a":0,"k":[100,100,100],"ix":6}},"ao":0,"shapes":[{"ty":"gr","it":[{"ind":0,"ty":"sh","ix":1,"ks":{"a":0,"k":{"i":[[-1.79,0],[0,0],[-0.65,-0.34],[-0.35,-0.66],[0,-1.79],[0,0],[0.34,-0.65],[0.66,-0.35],[1.79,0],[0,0],[0.65,0.34],[0.35,0.66],[0,1.79],[0,0],[-0.34,0.65],[-0.66,0.35]],"o":[[0,0],[1.79,0],[0.66,0.35],[0.34,0.65],[0,0],[0,1.79],[-0.35,0.66],[-0.65,0.34],[0,0],[-1.79,0],[-0.66,-0.35],[-0.34,-0.65],[0,0],[0,-1.79],[0.35,-0.66],[0.65,-0.34]],"v":[[-34.87,-13],[34.87,-13],[37.95,-12.47],[39.47,-10.95],[40,-7.87],[40,7.87],[39.47,10.95],[37.95,12.47],[34.87,13],[-34.87,13],[-37.95,12.47],[-39.47,10.95],[-40,7.87],[-40,-7.87],[-39.47,-10.95],[-37.95,-12.47]],"c":true},"ix":2},"nm":"Path 2","mn":"ADBE Vector Shape - Group","hd":false},{"ty":"mm","mm":1,"nm":"Merge Paths 1","mn":"ADBE Vector Filter - Merge","hd":false},{"ty":"fl","c":{"a":0,"k":[0.231372997165,0.349020004272,0.596077978611,1],"ix":4},"o":{"a":0,"k":100,"ix":5},"r":1,"bm":0,"nm":"Fill 1","mn":"ADBE Vector Graphic - Fill","hd":false},{"ty":"tr","p":{"a":0,"k":[0,0],"ix":2},"a":{"a":0,"k":[0,0],"ix":1},"s":{"a":0,"k":[100,100],"ix":3},"r":{"a":0,"k":0,"ix":6},"o":{"a":0,"k":100,"ix":7},"sk":{"a":0,"k":0,"ix":4},"sa":{"a":0,"k":0,"ix":5},"nm":"Transform"}],"nm":"Rectangle","np":3,"cix":2,"bm":0,"ix":1,"mn":"ADBE Vector Group","hd":false}],"ip":70,"op":120,"st":15,"bm":0},{"ddd":0,"ind":6,"ty":4,"nm":"Fill 2","tt":1,"sr":1,"ks":{"o":{"a":0,"k":100,"ix":11},"r":{"a":0,"k":0,"ix":10},"p":{"a":0,"k":[0,13,0],"ix":2},"a":{"a":0,"k":[40,0,0],"ix":1},"s":{"a":1,"k":[{"i":{"x":[0.34,0.34,0.34],"y":[1,1,1]},"o":{"x":[0.66,0.66,0.66],"y":[0,0,0]},"t":70,"s":[0,100,100]},{"t":90,"s":[-100,100,100]}],"ix":6}},"ao":0,"shapes":[{"ty":"gr","it":[{"ind":0,"ty":"sh","ix":1,"ks":{"a":0,"k":{"i":[[0,-2.209],[0,0],[2.209,0],[0,0],[0,2.209],[0,0],[-2.209,0],[0,0]],"o":[[0,0],[0,2.209],[0,0],[-2.209,0],[0,0],[0,-2.209],[0,0],[2.209,0]],"v":[[40,-9],[40,9],[36,13],[-36,13],[-40,9],[-40,-9],[-36,-13],[36,-13]],"c":true},"ix":2},"nm":"Path 1","mn":"ADBE Vector Shape - Group","hd":false},{"ty":"fl","c":{"a":0,"k":[0.113725490196,0.63137254902,0.949019607843,1],"ix":4},"o":{"a":0,"k":100,"ix":5},"r":1,"bm":0,"nm":"Fill 1","mn":"ADBE Vector Graphic - Fill","hd":false},{"ty":"tr","p":{"a":0,"k":[19.408,8.603],"ix":2},"a":{"a":0,"k":[19.408,8.603],"ix":1},"s":{"a":0,"k":[100,100],"ix":3},"r":{"a":0,"k":0,"ix":6},"o":{"a":0,"k":100,"ix":7},"sk":{"a":0,"k":0,"ix":4},"sa":{"a":0,"k":0,"ix":5},"nm":"Transform"}],"nm":"Rectangle","np":2,"cix":2,"bm":0,"ix":1,"mn":"ADBE Vector Group","hd":false}],"ip":70,"op":120,"st":15,"bm":0},{"ddd":0,"ind":7,"ty":4,"nm":"Fill Mask","td":1,"sr":1,"ks":{"o":{"a":0,"k":100,"ix":11},"r":{"a":0,"k":0,"ix":10},"p":{"a":0,"k":[40,13,0],"ix":2},"a":{"a":0,"k":[0,0,0],"ix":1},"s":{"a":0,"k":[100,100,100],"ix":6}},"ao":0,"shapes":[{"ty":"gr","it":[{"ind":0,"ty":"sh","ix":1,"ks":{"a":0,"k":{"i":[[-1.79,0],[0,0],[-0.65,-0.34],[-0.35,-0.66],[0,-1.79],[0,0],[0.34,-0.65],[0.66,-0.35],[1.79,0],[0,0],[0.65,0.34],[0.35,0.66],[0,1.79],[0,0],[-0.34,0.65],[-0.66,0.35]],"o":[[0,0],[1.79,0],[0.66,0.35],[0.34,0.65],[0,0],[0,1.79],[-0.35,0.66],[-0.65,0.34],[0,0],[-1.79,0],[-0.66,-0.35],[-0.34,-0.65],[0,0],[0,-1.79],[0.35,-0.66],[0.65,-0.34]],"v":[[-34.87,-13],[34.87,-13],[37.95,-12.47],[39.47,-10.95],[40,-7.87],[40,7.87],[39.47,10.95],[37.95,12.47],[34.87,13],[-34.87,13],[-37.95,12.47],[-39.47,10.95],[-40,7.87],[-40,-7.87],[-39.47,-10.95],[-37.95,-12.47]],"c":true},"ix":2},"nm":"Path 2","mn":"ADBE Vector Shape - Group","hd":false},{"ty":"mm","mm":1,"nm":"Merge Paths 1","mn":"ADBE Vector Filter - Merge","hd":false},{"ty":"fl","c":{"a":0,"k":[0.231372997165,0.349020004272,0.596077978611,1],"ix":4},"o":{"a":0,"k":100,"ix":5},"r":1,"bm":0,"nm":"Fill 1","mn":"ADBE Vector Graphic - Fill","hd":false},{"ty":"tr","p":{"a":0,"k":[0,0],"ix":2},"a":{"a":0,"k":[0,0],"ix":1},"s":{"a":0,"k":[100,100],"ix":3},"r":{"a":0,"k":0,"ix":6},"o":{"a":0,"k":100,"ix":7},"sk":{"a":0,"k":0,"ix":4},"sa":{"a":0,"k":0,"ix":5},"nm":"Transform"}],"nm":"Rectangle","np":3,"cix":2,"bm":0,"ix":1,"mn":"ADBE Vector Group","hd":false}],"ip":0,"op":70,"st":0,"bm":0},{"ddd":0,"ind":8,"ty":4,"nm":"Fill","tt":1,"sr":1,"ks":{"o":{"a":0,"k":100,"ix":11},"r":{"a":0,"k":0,"ix":10},"p":{"a":0,"k":[80,13,0],"ix":2},"a":{"a":0,"k":[40,0,0],"ix":1},"s":{"a":1,"k":[{"i":{"x":[0.34,0.34,0.34],"y":[1,1,1]},"o":{"x":[0.66,0.66,0.66],"y":[0,0,0]},"t":5,"s":[100,100,100]},{"i":{"x":[0.34,0.34,0.34],"y":[1,1,1]},"o":{"x":[0.66,0.66,0.66],"y":[0,0,0]},"t":25,"s":[0,100,100]},{"i":{"x":[0.34,0.34,0.34],"y":[1,1,1]},"o":{"x":[0.66,0.66,0.66],"y":[0,0,0]},"t":70,"s":[0,100,100]},{"t":90,"s":[100,100,100]}],"ix":6}},"ao":0,"shapes":[{"ty":"gr","it":[{"ind":0,"ty":"sh","ix":1,"ks":{"a":0,"k":{"i":[[0,-2.209],[0,0],[2.209,0],[0,0],[0,2.209],[0,0],[-2.209,0],[0,0]],"o":[[0,0],[0,2.209],[0,0],[-2.209,0],[0,0],[0,-2.209],[0,0],[2.209,0]],"v":[[40,-9],[40,9],[36,13],[-36,13],[-40,9],[-40,-9],[-36,-13],[36,-13]],"c":true},"ix":2},"nm":"Path 1","mn":"ADBE Vector Shape - Group","hd":false},{"ty":"fl","c":{"a":0,"k":[0.113725490196,0.63137254902,0.949019607843,1],"ix":4},"o":{"a":0,"k":100,"ix":5},"r":1,"bm":0,"nm":"Fill 1","mn":"ADBE Vector Graphic - Fill","hd":false},{"ty":"tr","p":{"a":0,"k":[19.408,8.603],"ix":2},"a":{"a":0,"k":[19.408,8.603],"ix":1},"s":{"a":0,"k":[100,100],"ix":3},"r":{"a":0,"k":0,"ix":6},"o":{"a":0,"k":100,"ix":7},"sk":{"a":0,"k":0,"ix":4},"sa":{"a":0,"k":0,"ix":5},"nm":"Transform"}],"nm":"Rectangle","np":2,"cix":2,"bm":0,"ix":1,"mn":"ADBE Vector Group","hd":false}],"ip":0,"op":70,"st":0,"bm":0}],"markers":[]}